id_colaborador,nome,departamento,cargo,salario,data_admissao,data_desligamento,status,tipo_desligamento,motivo,tenure_meses,faixa_tenure
1,Ana Silva,Tecnologia,Desenvolvedor Pleno,7500.0,2023-01-15,,Ativo,N/A,N/A,43.3,Mais de 3 anos
2,Carlos Souza,Tecnologia,Analista de Dados,6200.0,2022-05-10,2025-11-20,Desligado,Voluntário,Proposta Salarial Maior,42.4,Mais de 3 anos
3,Mariana Lima,Vendas,Executivo de Contas,5000.0,2024-02-01,2025-08-14,Desligado,Voluntário,Insatisfação com Metas,18.4,1 a 2 anos
4,Roberto Alves,Vendas,Gerente de Contas,9500.0,2021-03-20,,Ativo,N/A,N/A,65.1,Mais de 3 anos
5,Fernanda Costa,RH,Business Partner,6800.0,2022-11-01,2026-01-10,Desligado,Involuntário,Reestruturação de Área,38.3,Mais de 3 anos
6,Lucas Pereira,Tecnologia,Desenvolvedor Senior,11000.0,2020-08-15,,Ativo,N/A,N/A,72.3,Mais de 3 anos
7,Juliana Rocha,Marketing,Analista de Marketing,4800.0,2023-06-01,2025-12-05,Desligado,Voluntário,Mudança de Carreira,30.2,2 a 3 anos
8,Diego Martins,Financeiro,Analista Financeiro,5500.0,2022-01-10,,Ativo,N/A,N/A,55.4,Mais de 3 anos
9,Beatriz Mendes,Vendas,Executivo de Contas,5200.0,2024-05-12,2026-02-18,Desligado,Voluntário,Proposta Salarial Maior,21.3,1 a 2 anos
10,Thiago Melo,Tecnologia,DevOps Engineer,8900.0,2023-09-01,,Ativo,N/A,N/A,35.7,2 a 3 anos
